<?xml version="1.0" encoding="UTF-8" standalone="yes"?>
<addon id="repo.funkd" name="Funkd's Repository" version="1.0.0" provider-name="Funkd">
	<extension point="xbmc.addon.repository" name="Funkd's Repository">
		<info compressed="false">https://raw.githubusercontent.com/Funkd/ScopeNox/master/addons.xml</info>
		<checksum>https://raw.githubusercontent.com/Funkd/ScopeNox/master/addons.xml.md5</checksum>
		<datadir zip="true">https://raw.githubusercontent.com/Funkd/ScopeNox/master/releases/</datadir>
	</extension>
	<extension point="xbmc.addon.metadata">
		<summary>Funkd's Repository</summary>
		<description>Master code for ScopeNox skin.</description>
		<assets>
			<icon>icon.png</icon>
			<fanart>fanart.jpg</fanart>
		</assets>
		<platform>all</platform>
		<source>https://raw.githubusercontent.com/Funkd/ScopeNox/</source>
		<website>https://www.github.com/Funkd</website>
	</extension>
</addon>
