<?xml version="1.0" encoding="UTF-8"?>
<addon id="skin.scope.nox.leia" version="1.25" name="Scope Nox - Leia" provider-name="Funkd" aeonnox-version="6.0.1">
	<requires>
		<import addon="xbmc.gui" version="5.14.0"/>
		<import addon="script.grab.fanart" version="0.12.8"/>
		<import addon="script.skinshortcuts" version="0.4.5"/>
		<import addon="service.library.data.provider" version="0.0.7"/>
		<import addon="resource.images.studios.white" version="0.0.1"/>
		<import addon="resource.images.recordlabels.white" version="0.0.1"/>
	</requires>
	<extension point="xbmc.gui.skin" debugging="false" effectslowdown="0.75">
		<res width="1920" height="1080" aspect="16:9" default="true" folder="scopeformat" />
	</extension>
	<extension point="xbmc.addon.metadata">
		<summary lang="en">Scope Nox : Mod by Funkd, Aeon Nox formatted to suit Zoomed CIH projector setups.</summary>
		<description lang="en">ScopeNox: Aeon Nox in a format suitable for people using projectors and zooming for CIH. (GUI within 800-820 pixels)</description>
		<platform>all</platform>
		<assets>
			<icon>resources/icon.png</icon>
			<fanart>resources/fanart.jpg</fanart>
		</assets>
	</extension>
</addon>
