<?xml version="1.0" encoding="UTF-8"?>
<window>
	<defaultcontrol always="true">8</defaultcontrol>
	<allowoverlay>no</allowoverlay>
	<onload>SetFocus(900171)</onload>
	<onload>SetFocus(8)</onload>
	<onunload>ClearProperty(Extra.Info,movieinformation)</onunload>
	<controls>
		<control type="group">
					<animation effect="slide" start="0,0" end="0,-10" time="700" condition="Skin.HasSetting(scopeFormat235)">Conditional</animation>
			<animation effect="slide" start="-729,0" end="0,0" time="500" tween="quadratic">WindowOpen</animation>
			<animation effect="slide" end="-729,0" time="500" tween="quadratic">WindowClose</animation>
			<animation effect="slide" start="-729,0" end="0,0" time="500" tween="quadratic" condition="![Window.IsVisible(script-ExtendedInfo Script-DialogVideoInfo.xml) | Window.IsVisible(script-ExtendedInfo Script-DialogInfo.xml)]">Conditional</animation>
			<animation effect="slide" end="-729,0" time="500" tween="quadratic" condition="Window.IsVisible(script-ExtendedInfo Script-DialogVideoInfo.xml) | Window.IsVisible(script-ExtendedInfo Script-DialogInfo.xml)">Conditional</animation>
			<control type="image">
				<top>140</top>
				<width>553</width>
				<height>800</height>
				<animation effect="zoom" end="0,140,566,820" time="700" condition="Skin.HasSetting(scopeFormat235)">Conditional</animation>
				<aspectratio aligny="top">scale</aspectratio>
				<texture background="true" fallback="black.png">$VAR[PosterVar]</texture>
			</control>
		</control>
		<control type="group">
			<animation effect="slide" start="0,0" end="0,-10" time="700" condition="Skin.HasSetting(scopeFormat235)">Conditional</animation>	
			<animation effect="slide" start="VideoInfoSlidePos" end="0,0" time="500" tween="quadratic">WindowOpen</animation>
			<animation effect="slide" end="VideoInfoSlidePos" time="500" tween="quadratic">WindowClose</animation>
			<animation effect="slide" start="VideoInfoSlidePos" end="0,0" time="500" tween="quadratic" condition="![Window.IsVisible(script-ExtendedInfo Script-DialogVideoInfo.xml) | Window.IsVisible(script-ExtendedInfo Script-DialogInfo.xml)]">Conditional</animation>
			<animation effect="slide" end="VideoInfoSlidePos" time="500" tween="quadratic" condition="Window.IsVisible(script-ExtendedInfo Script-DialogVideoInfo.xml) | Window.IsVisible(script-ExtendedInfo Script-DialogInfo.xml)">Conditional</animation>
			<left>553</left>
			<control type="image">
				<animation effect="slide" start="0" end="20" time="700" condition="Skin.HasSetting(scopeFormat235)">Conditional</animation>
				<animation effect="zoom" start="100" end="102.5" center="auto" time="700" condition="Skin.HasSetting(scopeFormat235)">Conditional</animation>
				<top>140</top>
				<width>1367</width>
				<height>800</height>
				<texture>black.png</texture>
				<visible>String.IsEmpty(ListItem.Art(fanart))</visible>
			</control>
			<control type="image">
				<animation effect="slide" start="0" end="20" time="700" condition="Skin.HasSetting(scopeFormat235)">Conditional</animation>
				<animation effect="zoom" start="100" end="102.5" center="auto" time="700" condition="Skin.HasSetting(scopeFormat235)">Conditional</animation>
				<top>140</top>
				<width>1367</width>
				<height>800</height>
				<aspectratio align="center">scale</aspectratio>
				<texture background="true">$INFO[ListItem.Art(fanart)]</texture>
			</control>
			<control type="image">
				<animation effect="slide" start="0" end="20" time="700" condition="Skin.HasSetting(scopeFormat235)">Conditional</animation>
				<animation effect="zoom" start="100" end="102.5" center="auto" time="700" condition="Skin.HasSetting(scopeFormat235)">Conditional</animation>
				<top>140</top>
				<width>1367</width>
				<height>800</height>
				<texture border="4">dialogs/info/info_rightpaneltop.png</texture>
			</control>
			<control type="group">
				<left>40</left>
				<top>150</top>
				<width>1218</width>
				<height>854</height>
				<control type="grouplist">
					<top>-20</top>
					<width>1300</width>
					<height>110</height>
					<align>center</align>
					<control type="label">
						<width>1310</width>
						<height>60</height>
						<aligny>center</aligny>
						<align>left</align>
						<font>font30_title_bold</font>
						<textcolor>grey</textcolor>
						<scroll>true</scroll>
						<label>$INFO[ListItem.Title]</label>
					</control>
					<control type="label">
						<width>1367</width>
						<height>30</height>
						<aligny>center</aligny>
						<align>left</align>
						<font>font14</font>
						<textcolor>labelheader</textcolor>
						<scroll>true</scroll>
						<label>$INFO[ListItem.Tagline]</label>
						<visible>!String.IsEmpty(ListItem.Tagline)</visible>
					</control>
					<control type="label">
						<width>1367</width>
						<height>30</height>
						<aligny>center</aligny>
						<align>left</align>
						<font>font14</font>
						<textcolor>labelheader</textcolor>
						<scroll>true</scroll>
						<label>$INFO[Window(Home).Property(NextAired.Status)]</label>
						<visible>String.IsEqual(ListItem.DBType,tvshow) + !String.IsEmpty(Window(Home).Property(NextAired.Status))</visible>
					</control>
					<control type="label">
						<right>30</right>
						<height>30</height>
						<aligny>center</aligny>
						<align>left</align>
						<font>font14</font>
						<textcolor>labelheader</textcolor>
						<scroll>true</scroll>
						<label>$INFO[ListItem.TvShowTitle]</label>
						<visible>String.IsEqual(ListItem.DBType,episode) + !String.IsEmpty(ListItem.TvShowTitle)</visible>
					</control>
					<control type="label">
						<right>30</right>
						<height>30</height>
						<aligny>center</aligny>
						<align>left</align>
						<font>font14</font>
						<textcolor>labelheader</textcolor>
						<scroll>true</scroll>
						<label>$INFO[ListItem.Artist]</label>
						<visible>String.IsEqual(ListItem.DBType,musicvideo) + !String.IsEmpty(ListItem.Artist)</visible>
					</control>
				</control>
				<control type="image">
					<left>-37</left>
					<top>32</top>
					<right>0</right>
					<height>60</height>
					<texture border="1">separator2.png</texture>
				</control>
				<control type="grouplist">
					<left>0</left>
					<top>90</top>
					<width>1364</width>
					<height>75</height>
					<itemgap>0</itemgap>
					<align>left</align>
					<orientation>horizontal</orientation>
					<control type="label">
						<width>140</width>
						<height>75</height>
						<align>left</align>
						<label>$INFO[ListItem.Year]</label>
						<font>font15</font>
						<textcolor>grey</textcolor>
						<visible>!String.IsEqual(ListItem.DBType,episode)</visible>
					</control>
					<control type="label">
						<width min="198" max="300">auto</width>
						<height>90</height>
						<label>$VAR[EpisodeCountVar]</label>
						<font>font35_title_bold</font>
						<textcolor>grey</textcolor>
						<visible>String.IsEqual(ListItem.DBType,episode)</visible>
					</control>
					<control type="image">
						<width>2</width>
						<height>75</height>
						<texture border="1">separator3.png</texture>
					</control>
					<control type="group">
						<width>70</width>
						<control type="image" id="800011">
							<colordiffuse>$VAR[StudioFlagColorVar]</colordiffuse>
							<width>70</width>
							<include>MediaFlagVars</include>
							<bordersize>2</bordersize>
							<texture>$VAR[StudioFlagPathVar]$INFO[ListItem.Studio,,.png]</texture>
						</control>
						<control type="label">
							<left>0</left>
							<width>70</width>
							<height>80</height>
							<align>center</align>
							<label>$INFO[ListItem.Studio]</label>
							<font>font10</font>
							<textcolor>grey</textcolor>
							<wrapmultiline>true</wrapmultiline>
							<visible>String.IsEmpty(Control.GetLabel(800011))</visible>
						</control>
					</control>
					<control type="image">
						<width>2</width>
						<height>75</height>
						<texture border="1">separator3.png</texture>
					</control>
					<control type="image">
						<width>70</width>
						<colordiffuse>grey</colordiffuse>
						<include>MediaFlagVars</include>
						<texture fallback="flags/mpaa/NR.png">$VAR[RatingFlagVar]</texture>
					</control>
					<control type="image">
						<width>2</width>
						<height>75</height>
						<texture border="1">separator3.png</texture>
						<visible>![String.IsEqual(ListItem.DBType,tvshow) + Skin.HasSetting(Disable.NextAired)]</visible>
					</control>
					<control type="group">
						<width>160</width>
						<visible>![String.IsEqual(ListItem.DBType,tvshow) + Skin.HasSetting(Disable.NextAired)]</visible>
						<control type="label">
							<left>40</left>
							<top>-5</top>
							<width>60</width>
							<height>60</height>
							<align>center</align>
							<label>$VAR[DurationVar]</label>
							<font>font35_bold</font>
							<textcolor>grey</textcolor>
						</control>
						<control type="label">
							<top>40</top>
							<width>160</width>
							<height>30</height>
							<align>center</align>
							<label>[LOWERCASE]$LOCALIZE[12391][/LOWERCASE]</label>
							<font>font12</font>
							<textcolor>grey</textcolor>
						</control>
					</control>
					<control type="image">
						<width>2</width>
						<height>75</height>
						<texture border="1">separator3.png</texture>
					</control>
					<control type="group">
						<visible>!String.IsEmpty(ListItem.Rating)</visible>
						<width>200</width>
						<control type="label">
							<left>0</left>
							<top>-5</top>
							<width>200</width>
							<height>60</height>
							<align>center</align>
							<label>$INFO[ListItem.Rating]</label>
							<font>font35_bold</font>
							<textcolor>grey</textcolor>
						</control>
						<control type="label">
							<top>40</top>
							<width>200</width>
							<height>30</height>
							<align>center</align>
							<label>[LOWERCASE]$VAR[RatingAndVotesVar][/LOWERCASE]</label>
							<font>font12</font>
							<textcolor>grey</textcolor>
						</control>
					</control>
					<control type="image">
						<width>2</width>
						<height>75</height>
						<texture border="1">separator3.png</texture>
						<visible>!String.IsEmpty(ListItem.Rating)</visible>
					</control>
					<control type="group">
						<visible>!String.IsEmpty(ListItem.UserRating)</visible>
						<width>120</width>
						<control type="label">
							<top>-3</top>
							<width>120</width>
							<height>60</height>
							<align>center</align>
							<label>$INFO[ListItem.UserRating]</label>
							<font>font35_bold</font>
							<textcolor>grey</textcolor>
						</control>
						<control type="label">
							<top>40</top>
							<width>120</width>
							<height>30</height>
							<align>center</align>
							<label>[LOWERCASE]$LOCALIZE[31146][/LOWERCASE]</label>
							<font>font12</font>
							<textcolor>grey</textcolor>
						</control>
					</control>
					<control type="image">
						<width>2</width>
						<height>90</height>
						<texture border="1">separator3.png</texture>
						<visible>!String.IsEmpty(ListItem.UserRating)</visible>
					</control>
					<control type="group">
						<visible>!String.IsEmpty(ListItem.Top250)</visible>
						<width>170</width>
						<control type="label">
							<top>-3</top>
							<width>170</width>
							<height>60</height>
							<align>center</align>
							<label>$INFO[ListItem.Top250,#]</label>
							<font>font35_bold</font>
							<wrapmultiline>true</wrapmultiline>
							<textcolor>grey</textcolor>
						</control>
						<control type="label">
							<top>40</top>
							<width>170</width>
							<height>30</height>
							<align>center</align>
							<label>[LOWERCASE]$LOCALIZE[13409][/LOWERCASE]</label>
							<font>font12</font>
							<textcolor>grey</textcolor>
						</control>
					</control>
					<control type="image">
						<width>2</width>
						<height>90</height>
						<texture border="1">separator3.png</texture>
						<visible>!String.IsEmpty(ListItem.Top250)</visible>
					</control>
				</control>
				<control type="image">
					<left>-37</left>
					<top>106</top>
					<right>0</right>
					<height>60</height>
					<texture border="1">separator2.png</texture>
				</control>
				<control type="grouplist" id="300">
					<left>-36</left>
					<top>164</top>
					<right>0</right>
					<height>306</height>
					<onup>4002</onup>
					<ondown>9000</ondown>
					<orientation>vertical</orientation>
					<scrolltime tween="quadratic" easing="out">200</scrolltime>
					<control type="button" id="30001">
						<include>ButtonInfo</include>
						<label>$INFO[ListItem.Genre,[COLOR labelheader]$LOCALIZE[515]:   [/COLOR]]</label>
						<visible>!String.IsEmpty(ListItem.Genre)</visible>
					</control>
					<control type="button" id="30002">
						<include>ButtonInfo</include>
						<label>$INFO[ListItem.Director,[COLOR labelheader]$LOCALIZE[20339]:   [/COLOR]]</label>
						<onclick condition="System.HasAddon(script.extendedinfo)">SetProperty(DirectorID,True)</onclick>
						<onclick condition="System.HasAddon(script.extendedinfo)">SetProperty(ActorName,$INFO[ListItem.Director])</onclick>
						<onclick condition="System.HasAddon(script.extendedinfo)">ActivateWindow(1130)</onclick>
						<onclick condition="!System.HasAddon(script.extendedinfo)">SendClick(2003,13)</onclick>
						<visible>!String.IsEmpty(ListItem.Director)</visible>
					</control>
					<control type="button" id="30003">
						<include>ButtonInfo</include>
						<label>$INFO[ListItem.Writer,[COLOR labelheader]$LOCALIZE[20417]:   [/COLOR]]</label>
						<onclick condition="System.HasAddon(script.extendedinfo)">RunScript(script.extendedinfo,info=extendedactorinfo,name=$INFO[ListItem.Writer])</onclick>
						<visible>!String.IsEmpty(ListItem.Writer)</visible>
					</control>
					<control type="button" id="30004">
						<include>ButtonInfo</include>
						<label>$INFO[Window(Home).Property(NextAired.NextDate),[COLOR labelheader]$LOCALIZE[31010]:   [/COLOR], - ]$INFO[Window(Home).Property(NextAired.NextNumber),, - ]$INFO[Window(Home).Property(NextAired.NextTitle)]</label>
						<visible>String.IsEqual(ListItem.DBType,tvshow) + !String.IsEmpty(Window(Home).Property(NextAired.NextDate))</visible>
					</control>
					<control type="button" id="30005">
						<include>ButtonInfo</include>
						<label>$INFO[Window(Home).Property(NextAired.LatestDate),[COLOR labelheader]$LOCALIZE[31011]:   [/COLOR], - ]$INFO[Window(Home).Property(NextAired.LatestNumber),, - ]$INFO[Window(Home).Property(NextAired.LatestTitle)]</label>
						<visible>String.IsEqual(ListItem.DBType,tvshow) + !String.IsEmpty(Window(Home).Property(NextAired.LatestDate)) + String.IsEmpty(Window(Home).Property(NextAired.NextDate))</visible>
					</control>
					<control type="button" id="30007">
						<include>ButtonInfo</include>
						<label>$INFO[ListItem.Premiered,[COLOR labelheader]$LOCALIZE[20416]:   [/COLOR]]</label>
						<visible>String.IsEqual(ListItem.DBType,tvshow)</visible>
					</control>
					<control type="button" id="30008">
						<include>ButtonInfo</include>
						<label>$INFO[Container(50).ListItemAbsolute(0).Label,[COLOR labelheader]$LOCALIZE[206]:   [/COLOR]]$INFO[Container(50).ListItemAbsolute(1).Label,$COMMA ]$INFO[Container(50).ListItemAbsolute(2).Label,$COMMA ]$INFO[Container(50).ListItemAbsolute(3).Label,$COMMA ]$INFO[Container(50).ListItemAbsolute(4).Label,$COMMA ]$INFO[Container(50).ListItemAbsolute(5).Label,$COMMA ]</label>
						<visible>!String.IsEmpty(ListItem.Cast)</visible>
						<onclick>SetFocus(50)</onclick>
					</control>
				</control>
				<control type="group">
					<left>-37</left>
					<top>710</top>
					<control type="image">
						<top>-60</top>
						<width>1380</width>
						<height>60</height>
						<texture border="1">separator2.png</texture>
					</control>
					<control type="grouplist">
						<left>0</left>
						<top>0</top>
						<animation effect="slide" start="0,0" end="0,10" time="700" condition="Skin.HasSetting(scopeFormat235)">Conditional</animation>
						<width>1188</width>
						<height>75</height>
						<align>left</align>
						<aligny>center</aligny>
						<itemgap>0</itemgap>
						<orientation>horizontal</orientation>
<!-- 						<visible>!ControlGroup(9001).HasFocus</visible> -->
						<include>SettingsFadeAnimation</include>
						<control type="image">
							<width>70</width>
							<colordiffuse>grey</colordiffuse>
							<include>MediaFlagVars</include>
							<texture>$INFO[ListItem.VideoResolution,flags/resolution/,.png]</texture>
							<visible>!String.IsEmpty(ListItem.VideoResolution)</visible>
						</control>
						<control type="group">
							<visible>String.IsEqual(ListItem.DBType,tvshow) + !String.IsEmpty(ListItem.Property(TotalSeasons))</visible>
							<width>200</width>
							<control type="label">
								<left>0</left>
								<top>2</top>
								<width>200</width>
								<height>60</height>
								<align>center</align>
								<label>$INFO[ListItem.Property(TotalSeasons)]</label>
								<font>font35_bold</font>
								<wrapmultiline>true</wrapmultiline>
								<textcolor>grey</textcolor>
							</control>
							<control type="label">
								<top>52</top>
								<width>200</width>
								<height>30</height>
								<align>center</align>
								<label>[LOWERCASE]$VAR[OneOrMoreSeasonsVar][/LOWERCASE]</label>
								<font>font12</font>
								<textcolor>grey</textcolor>
							</control>
						</control>
						<control type="image">
							<width>2</width>
							<height>90</height>
							<texture border="1">separator3.png</texture>
						</control>
						<control type="image">
							<width>95</width>
							<colordiffuse>grey</colordiffuse>
							<include>MediaFlagVars</include>
							<texture>flags/audio/$VAR[AudioCodecCustom].png</texture>
							<visible>!IsEmpty(Control.GetLabel(9904))</visible>
						</control>
						<control type="label" id="9904">
							<label>$VAR[AudioCodecCustom]</label>
							<visible>false</visible>
						</control>
						<control type="group">
							<visible>String.IsEqual(ListItem.DBType,tvshow) + !String.IsEmpty(ListItem.Property(TotalEpisodes))</visible>
							<width>200</width>
							<control type="label">
								<left>0</left>
								<top>2</top>
								<width>200</width>
								<height>60</height>
								<align>center</align>
								<label>$INFO[ListItem.Property(TotalEpisodes)]</label>
								<font>font35_bold</font>
								<wrapmultiline>true</wrapmultiline>
								<textcolor>grey</textcolor>
							</control>
							<control type="label">
								<top>52</top>
								<width>200</width>
								<height>30</height>
								<align>center</align>
								<label>[LOWERCASE]$VAR[OneOrMoreEpisodesVar][/LOWERCASE]</label>
								<font>font12</font>
								<textcolor>grey</textcolor>
							</control>
						</control>
						<control type="image">
							<width>2</width>
							<height>90</height>
							<texture border="1">separator3.png</texture>
						</control>
						<control type="image">
							<width>70</width>
							<colordiffuse>grey</colordiffuse>
							<include>MediaFlagVars</include>
							<texture>$INFO[ListItem.AudioChannels,flags/channels/,.png]</texture>
							<visible>!String.IsEmpty(ListItem.AudioChannels)</visible>
						</control>
						<control type="group">
							<visible>String.IsEqual(ListItem.DBType,tvshow) + !String.IsEmpty(ListItem.Property(UnWatchedEpisodes))</visible>
							<width>200</width>
							<control type="label">
								<top>2</top>
								<width>200</width>
								<height>60</height>
								<align>center</align>
								<label>$INFO[ListItem.Property(UnWatchedEpisodes)]</label>
								<font>font35_bold</font>
								<wrapmultiline>true</wrapmultiline>
								<textcolor>grey</textcolor>
							</control>
							<control type="label">
								<top>52</top>
								<width>200</width>
								<height>30</height>
								<align>center</align>
								<label>[LOWERCASE]$LOCALIZE[16101][/LOWERCASE]</label>
								<font>font12</font>
								<textcolor>grey</textcolor>
							</control>
						</control>
						<control type="image">
							<width>2</width>
							<height>90</height>
							<texture border="1">separator3.png</texture>
						</control>
						<control type="image">
							<width>70</width>
							<colordiffuse>grey</colordiffuse>
							<include>MediaFlagVars</include>
							<texture>$VAR[SourceFlagVar,flags/video/,.png]</texture>
						</control>
						<control type="image">
							<width>2</width>
							<height>90</height>
							<texture border="1">separator3.png</texture>
						</control>
						<control type="image">
							<width>70</width>
							<colordiffuse>grey</colordiffuse>
							<include>MediaFlagVars</include>
							<texture>$INFO[ListItem.VideoAspect,flags/aspectratio/,.png]</texture>
						</control>
						<control type="image">
							<width>2</width>
							<height>90</height>
							<texture border="1">separator3.png</texture>
						</control>
						<control type="image">
							<width>70</width>
							<colordiffuse>grey</colordiffuse>
							<include>MediaFlagVars</include>
							<texture>flags/cc.png</texture>
							<visible>!String.IsEmpty(ListItem.SubtitleLanguage)</visible>
						</control>
					</control>
					<control type="image">
						<top>90</top>
						<right>0</right>
						<height>2</height>
						<texture border="1">separator2.png</texture>
					</control>
				</control>
				<control type="grouplist" id="9001">
					<left>-36</left>
					<top>370</top>
					<right>0</right>
					<height>350</height>
					<onup>9000</onup>
					<ondown>noop</ondown>
					<pagecontrol>70</pagecontrol>
					<scrolltime tween="quadratic" easing="out">300</scrolltime>
					<control type="group" id="90017">
						<right>0</right>
						<height>350</height>
						<control type="button" id="900171">
							<description>FS Plot</description>
							<texturenofocus />
							<right>0</right>
							<height>350</height>
							<width />
							<label />
							<onup>9000</onup>
							<ondown>50</ondown>
							<onclick>SetProperty(TextViewerHeader,$INFO[ListItem.Label,[B],[/B]],Home)</onclick>
							<onclick>SetProperty(TextViewerContent,$ESCINFO[ListItem.Tagline,[I],[/I][CR]]$ESCINFO[ListItem.Plot]$ESCINFO[ListItem.PlotOutline,[CR]---[CR]],Home)</onclick>
							<onclick>ActivateWindow(1132)</onclick>
						</control>
						<control type="textbox" id="4">
							<description>Plot</description>
							<left>36</left>
							<right>36</right>
							<top>10</top>
							<height>400</height>
							<font>font14_textbox_plot</font>
							<label>$INFO[ListItem.Plot]</label>
							<textcolor>white</textcolor>
							<pagecontrol />
							<animation effect="fade" start="0" end="100" time="500" tween="sine" easing="inout">VisibleChange</animation>
							<animation effect="fade" start="100" end="78" time="300" tween="sine" easing="inout" condition="!Control.HasFocus(900171)">Conditional</animation>
						</control>
					</control>
					<include content="ExtendedInfoListLayout">
						<description>Cast</description>
						<param name="controlId" value="50" />
						<param name="label2" value="$INFO[ListItem.Label2]" />
						<param name="overlayVisibility" value="false" />
						<param name="includeContent" value="false" />
					</include>
					<include content="ExtendedInfoListLayout" condition="System.HasAddon(script.extendedinfo) + String.IsEqual(ListItem.DBType,movie)">
						<description>Similar movies</description>
						<param name="controlId" value="90011" />
						<param name="label2" value="$INFO[ListItem.Year]" />
						<param name="listVisible" value="!String.IsEqual(Window(Home).Property(SimilarMovies.Count),0)" />
						<param name="content" value="plugin://script.extendedinfo?info=similarmovies&amp;&amp;imdb_id=$INFO[ListItem.IMDBNumber]&amp;&amp;dbid=$INFO[ListItem.DBID]" />
					</include>
					<include content="ExtendedInfoListLayout" condition="System.HasAddon(script.extendedinfo) + String.IsEqual(ListItem.DBType,movie)">
						<description>Movies from director</description>
						<param name="controlId" value="90012" />
						<param name="label2" value="$INFO[ListItem.Year]" />
						<param name="listVisible" value="!String.IsEqual(Window(Home).Property(DirectorMovies.Count),0)" />
						<param name="content" value="plugin://script.extendedinfo?info=personmovies&amp;&amp;person=$INFO[ListItem.Director]" />
					</include>
					<include content="ExtendedInfoListLayout" condition="System.HasAddon(script.extendedinfo) + String.IsEqual(ListItem.DBType,movie)">
						<description>Movies from writers</description>
						<param name="controlId" value="90013" />
						<param name="label2" value="$INFO[ListItem.Year]" />
						<param name="listVisible" value="!String.IsEqual(Window(Home).Property(WriterMovies.Count),0)" />
						<param name="content" value="plugin://script.extendedinfo?info=personmovies&amp;&amp;person=$INFO[ListItem.Writer]" />
					</include>
					<include content="ExtendedInfoListLayout" condition="System.HasAddon(script.extendedinfo) + String.IsEqual(ListItem.DBType,movie)">
						<description>Movies from studio</description>
						<param name="controlId" value="90014" />
						<param name="label2" value="$INFO[ListItem.Year]" />
						<param name="listVisible" value="!String.IsEqual(Window(Home).Property(StudioInfo.Count),0)" />
						<param name="content" value="plugin://script.extendedinfo?info=studio&amp;&amp;studio=$INFO[ListItem.Studio]" />
					</include>
					<include content="ExtendedInfoListLayout" condition="String.IsEqual(ListItem.DBType,movie)">
						<description>Movies from Set</description>
						<param name="controlId" value="90018" />
						<param name="label2" value="$INFO[ListItem.Year]" />
						<param name="overlayVisibility" value="false" />
						<param name="listVisible" value="!String.IsEmpty(ListItem.SetID)" />
						<param name="content" value="videodb://movies/sets/$INFO[ListItem.SetID]" />
					</include>
					<include content="ExtendedInfoListLayout" condition="System.HasAddon(script.extendedinfo) + String.IsEqual(ListItem.DBType,tvshow) | String.IsEqual(ListItem.DBType,season) | String.IsEqual(ListItem.DBType,episode)">
						<description>Seasons</description>
						<param name="controlId" value="90016" />
						<param name="label2" value="$INFO[ListItem.Property(TotalEpisodes),, $LOCALIZE[20453]]" />
						<param name="overlayVisibility" value="false" />
						<param name="listVisible" value="Integer.IsGreater(ListItem.Property(TotalSeasons),0) + String.IsEqual(ListItem.DBType,tvshow)" />
						<param name="content" value="videodb://tvshows/titles/$INFO[ListItem.DBID]/" />
					</include>
					<include content="ExtendedInfoListLayout" condition="System.HasAddon(script.extendedinfo) + String.IsEqual(ListItem.DBType,tvshow) | String.IsEqual(ListItem.DBType,season) | String.IsEqual(ListItem.DBType,episode)">
						<description>Similar TV Shows</description>
						<param name="controlId" value="90015" />
						<param name="label2" value="$INFO[ListItem.Year]" />
						<param name="listVisible" value="Integer.IsGreater(Container(90015).NumItems,0) | Container(90015).IsUpdating" />
						<param name="content" value="plugin://script.extendedinfo?info=similartvshows&amp;&amp;$VAR[SimilarShowsIDVar]" />
					</include>
					<include content="ExtendedInfoListLayout" condition="System.HasAddon(script.extendedinfo) + String.IsEqual(ListItem.DBType,tvshow) | String.IsEqual(ListItem.DBType,season) | String.IsEqual(ListItem.DBType,episode)">
						<description>Popluar TV Shows</description>
						<param name="controlId" value="90019" />
						<param name="label2" value="$INFO[ListItem.Year]" />
						<param name="listVisible" value="!String.IsEqual(Window(Home).Property(PopularTVShows.Count),0)" />
						<param name="content" value="plugin://script.extendedinfo?info=populartvshows" />
					</include>
					<include content="ExtendedInfoListLayout" condition="System.HasAddon(script.extendedinfo) + String.IsEqual(ListItem.DBType,tvshow) | String.IsEqual(ListItem.DBType,season) | String.IsEqual(ListItem.DBType,episode)">
						<description>Top Rated TV Shows</description>
						<param name="controlId" value="90020" />
						<param name="label2" value="$INFO[ListItem.Year]" />
						<param name="listVisible" value="!String.IsEqual(Window(Home).Property(TopRatedTVShows.Count),0)" />
						<param name="content" value="plugin://script.extendedinfo?info=topratedtvshows" />
					</include>
					<include content="ExtendedInfoListLayout" condition="System.HasAddon(script.extendedinfo) + String.IsEqual(ListItem.DBType,tvshow) | String.IsEqual(ListItem.DBType,season) | String.IsEqual(ListItem.DBType,episode)">
						<description>TV shows airing today</description>
						<param name="controlId" value="90021" />
						<param name="label2" value="$INFO[ListItem.Year]" />
						<param name="listVisible" value="!String.IsEqual(Window(Home).Property(AiringTodayTVShows.Count),0)" />
						<param name="content" value="plugin://script.extendedinfo?info=airingtodaytvshows" />
					</include>
					<include content="ExtendedInfoListLayout" condition="System.HasAddon(script.extendedinfo) + String.IsEqual(ListItem.DBType,tvshow) | String.IsEqual(ListItem.DBType,season) | String.IsEqual(ListItem.DBType,episode)">
						<description>On-the-air TV shows</description>
						<param name="controlId" value="90022" />
						<param name="label2" value="$INFO[ListItem.Year]" />
						<param name="listVisible" value="!String.IsEqual(Window(Home).Property(OnAirTVShows.Count),0)" />
						<param name="content" value="plugin://script.extendedinfo?info=onairtvshows" />
					</include>
				</control>
				<control type="scrollbar" id="70">
					<include>HiddenObject</include>
				</control>
				<control type="group" id="71">
					<top>975</top>
					<visible>ControlGroup(9001).HasFocus</visible>
					<include>SettingsFadeAnimation</include>
					<control type="label">
						<right>0</right>
						<height>90</height>
						<font>font15</font>
						<textcolor>grey</textcolor>
						<label>$VAR[VideoInfoDetailsLabelVar]</label>
					</control>
					<control type="button">
						<right>30</right>
						<top>20</top>
						<width>40</width>
						<height>25</height>
						<label />
						<texturenofocus border="1" colordiffuse="themecolor">android/numberpicker_up_normal_holo_white.png</texturenofocus>
						<texturefocus border="1" colordiffuse="themecolor">android/numberpicker_up_longpressed_holo_white.png</texturefocus>
						<onclick>PageUp(70)</onclick>
					</control>
					<control type="button">
						<right>30</right>
						<top>50</top>
						<width>40</width>
						<height>25</height>
						<label />
						<texturenofocus border="1" colordiffuse="themecolor">android/numberpicker_down_normal_holo_white.png</texturenofocus>
						<texturefocus border="1" colordiffuse="themecolor">android/numberpicker_down_longpressed_holo_white.png</texturefocus>
						<onclick>PageDown(70)</onclick>
						<animation effect="fade" time="100">VisibleChange</animation>
						<visible>Container(9001).HasNext</visible>
					</control>
				</control>
			</control>
			<control type="group">
				<left>3</left>
				<top>0</top>
				<control type="image">
					<top>450</top>
					<width>1367</width>
					<height>70</height>
					<texture border="1">separator2.png</texture>
					<visible>!Integer.IsGreater(Container(300).NumItems,2)</visible>
				</control>
				<control type="image">
					<left>0</left>
					<top>404</top>
					<width>1367</width>
					<height>70</height>
					<texture border="1">separator2.png</texture>
					<visible>!Integer.IsGreater(Container(300).NumItems,5)</visible>
				</control>
				<control type="grouplist" id="9000">
					<left>1</left>
					<top>475</top>
					<width>1380</width>
					<height>45</height>
					<onleft>9000</onleft>
					<onright>9000</onright>
					<onup>300</onup>
					<ondown>9001</ondown>
					<orientation>horizontal</orientation>
					<control type="togglebutton" id="8">
						<description>Play/browse to Show</description>
						<include>ButtonInfoDialogsCommonValues</include>
						<label>208</label>
						<altlabel>1024</altlabel>
						<usealttexture>String.IsEqual(ListItem.DBType,tvshow)</usealttexture>
					</control>
					<control type="image" id="200">
						<width>2</width>
						<height>58</height>
						<texture border="1">separator3.png</texture>
					</control>
					<control type="togglebutton" id="7">
						<description>Set rating</description>
						<include>ButtonInfoDialogsCommonValues</include>
						<label>38023</label>
						<altlabel>$LOCALIZE[31147]</altlabel>
						<usealttexture>!String.IsEmpty(ListItem.UserRating)</usealttexture>
					</control>
					<control type="image" id="201">
						<width>2</width>
						<height>58</height>
						<texture border="1">separator3.png</texture>
					</control>
					<control type="button" id="10">
						<description>Get Thumb</description>
						<include>ButtonInfoDialogsCommonValues</include>
						<label>13511</label>
						<enable>!Skin.HasSetting(KioskMode.Enabled)</enable>
					</control>
					<control type="image" id="202">
						<width>2</width>
						<height>58</height>
						<texture border="1">separator3.png</texture>
					</control>
					<control type="button" id="11">
						<description>Play Trailer</description>
						<include>ButtonInfoDialogsCommonValues</include>
						<label>20410</label>
						<enable>!String.IsEmpty(ListItem.Trailer)</enable>
						<visible>String.IsEqual(ListItem.DBType,movie)</visible>
					</control>
					<control type="button" id="203">
						<description>Play Trailer</description>
						<include>ButtonInfoDialogsCommonValues</include>
						<label />
						<onclick>noop</onclick>
						<enable>no</enable>
						<visible>!String.IsEqual(ListItem.DBType,movie)</visible>
					</control>
					<control type="image" id="208">
						<width>2</width>
						<height>58</height>
						<texture border="1">separator3.png</texture>
					</control>
					<control type="button" id="209">
						<description>Info</description>
						<font>IconMedium</font>
						<width>80</width>
						<include>ButtonInfoDialogsCommonValues</include>
						<label>&#62229;</label>
						<onclick>SetProperty(Extra.Info,True,movieinformation)</onclick>
						<onclick>SetFocus(9002)</onclick>
					</control>
					<control type="image" id="205">
						<width>2</width>
						<height>58</height>
						<texture border="1">separator3.png</texture>
					</control>
					<control type="button" id="6">
						<description>Refresh</description>
						<font>IconMedium</font>
						<width>80</width>
						<include>ButtonInfoDialogsCommonValues</include>
						<label></label>
						<enable>!Skin.HasSetting(KioskMode.Enabled)</enable>
					</control>
					<control type="image" id="206">
						<width>2</width>
						<height>58</height>
						<texture border="1">separator3.png</texture>
					</control>
					<control type="button" id="207">
						<description>Extras</description>
						<font>IconMedium</font>
						<width>80</width>
						<include>ButtonInfoDialogsCommonValues</include>
						<label>+</label>
						<onclick>SetProperty(Info.DBID,$INFO[ListItem.DBID],movieinformation)</onclick>
						<onclick>SetProperty(Info.FileNameAndPath,$INFO[ListItem.FileNameAndPath],movieinformation)</onclick>
						<onclick>SetProperty(Info.Path,$INFO[ListItem.Path],movieinformation)</onclick>
						<onclick>SetProperty(Info.Fanart,$INFO[ListItem.Art(fanart)],movieinformation)</onclick>
						<onclick>SetProperty(Info.Artist,$INFO[ListItem.Artist],movieinformation)</onclick>
						<onclick>SetProperty(Info.Label,$INFO[ListItem.Label],movieinformation)</onclick>
						<onclick>SetProperty(Info.DBType,$INFO[ListItem.DBType],movieinformation)</onclick>
						<onclick>ActivateWindow(1119)</onclick>
						<enable>!Skin.HasSetting(KioskMode.Enabled)</enable>
					</control>
				</control>
			</control>
		</control>
		<control type="group">
			<width>1122</width>
			<height>720</height>
			<centerleft>50%</centerleft>
			<centertop>50%</centertop>
			<visible>!String.IsEmpty(Window.Property(Extra.Info))</visible>
			<animation type="Visible" reversible="false">
				<effect type="zoom" start="150" end="100" center="CenterWidth,CenterHeight" time="300" tween="cubic" easing="out" />
				<effect type="fade" end="100" time="150" />
			</animation>
			<animation type="Hidden" reversible="false">
				<effect type="fade" start="100" end="0" time="100" delay="100" />
				<effect type="zoom" start="100" end="130" center="CenterWidth,CenterHeight" time="200" tween="cubic" easing="in" />
			</animation>
			<control type="image">
				<description>background image</description>
				<width>1122</width>
				<height>720</height>
				<texture border="40">dialogs/default/bg.png</texture>
			</control>
			<control type="label">
				<description>header label</description>
				<left>30</left>
				<top>32</top>
				<width>1062</width>
				<height>40</height>
				<font>font15_title</font>
				<label>$LOCALIZE[544]</label>
				<align>center</align>
				<textcolor>dialogheader</textcolor>
			</control>
			<control type="image">
				<left>30</left>
				<top>86</top>
				<width>1060</width>
				<height>602</height>
				<texture border="5">dialogs/default/inner.png</texture>
			</control>
			<control type="list" id="9002">
				<left>31</left>
				<top>88</top>
				<width>1058</width>
				<height>600</height>
				<onup>9002</onup>
				<ondown>9002</ondown>
				<onleft>60</onleft>
				<onright>60</onright>
				<onback>ClearProperty(Extra.Info,movieinformation)</onback>
				<onback>9000</onback>
				<pagecontrol>60</pagecontrol>
				<scrolltime tween="quadratic" easing="out">200</scrolltime>
				<itemlayout height="60" width="1058">
					<control type="image">
						<width>1058</width>
						<height>60</height>
						<texture border="1">separator2.png</texture>
					</control>
					<control type="label">
						<width>1058</width>
						<height>60</height>
						<font>font15</font>
						<textcolor>labelheader</textcolor>
						<selectedcolor>selected</selectedcolor>
						<label>$INFO[ListItem.Label2]</label>
						<textoffsetx>15</textoffsetx>
					</control>
					<control type="label">
						<width>1058</width>
						<height>60</height>
						<font>font15</font>
						<align>right</align>
						<textcolor>grey</textcolor>
						<selectedcolor>selected</selectedcolor>
						<label>$INFO[ListItem.Label]</label>
						<textoffsetx>15</textoffsetx>
					</control>
				</itemlayout>
				<focusedlayout height="60" width="1058">
					<control type="image">
						<width>1058</width>
						<height>60</height>
						<texture border="1">separator2.png</texture>
					</control>
					<control type="image">
						<width>1058</width>
						<height>60</height>
						<texture border="4">listselect_fo.png</texture>
						<visible>Control.HasFocus(9002)</visible>
						<include>VisibleFadeAnimation</include>
					</control>
					<control type="label">
						<width>1058</width>
						<height>60</height>
						<font>font15</font>
						<textcolor>white</textcolor>
						<selectedcolor>selected</selectedcolor>
						<label>$INFO[ListItem.Label2]</label>
						<animation effect="fade" start="100" end="70" time="300" tween="sine" easing="inout" condition="!Control.HasFocus(9002)">Conditional</animation>
						<textoffsetx>15</textoffsetx>
					</control>
					<control type="label">
						<width>1058</width>
						<height>60</height>
						<font>font15</font>
						<align>right</align>
						<textcolor>white</textcolor>
						<selectedcolor>selected</selectedcolor>
						<label>$INFO[ListItem.Label]</label>
						<animation effect="fade" start="100" end="70" time="300" tween="sine" easing="inout" condition="!Control.HasFocus(9002)">Conditional</animation>
						<textoffsetx>15</textoffsetx>
					</control>
				</focusedlayout>
				<content>
					<item>
						<label>$INFO[ListItem.OriginalTitle]</label>
						<label2>$LOCALIZE[20376]:</label2>
						<onclick>noop</onclick>
						<visible>!String.IsEmpty(ListItem.OriginalTitle) + !String.IsEqual(ListItem.OriginalTitle,ListItem.Title)</visible>
					</item>
					<item>
						<label>$INFO[ListItem.Director]</label>
						<label2>$LOCALIZE[20339]:</label2>
						<onclick>SetProperty(TextViewerHeader,$LOCALIZE[20339],Home)</onclick>
						<onclick>SetProperty(TextViewerContent,$ESCINFO[ListItem.Director],Home)</onclick>
						<onclick>ActivateWindow(1132)</onclick>
						<visible>!String.IsEmpty(ListItem.Director)</visible>
					</item>
					<item>
						<label>$INFO[ListItem.Writer]</label>
						<label2>$LOCALIZE[20417]:</label2>
						<onclick>SetProperty(TextViewerHeader,$LOCALIZE[20417],Home)</onclick>
						<onclick>SetProperty(TextViewerContent,$ESCINFO[ListItem.Writer],Home)</onclick>
						<onclick>ActivateWindow(1132)</onclick>
						<visible>!String.IsEmpty(ListItem.Writer)</visible>
					</item>
					<item>
						<label>$INFO[ListItem.Genre]</label>
						<label2>$LOCALIZE[515]:</label2>
						<onclick>SetProperty(TextViewerHeader,$LOCALIZE[515],Home)</onclick>
						<onclick>SetProperty(TextViewerContent,$ESCINFO[ListItem.Genre],Home)</onclick>
						<onclick>ActivateWindow(1132)</onclick>
						<visible>!String.IsEmpty(ListItem.Genre)</visible>
					</item>
					<item>
						<label>$INFO[ListItem.Duration,, $LOCALIZE[12391]]</label>
						<label2>$LOCALIZE[2050]:</label2>
						<onclick>SetProperty(TextViewerHeader,$LOCALIZE[515],Home)</onclick>
						<onclick>SetProperty(TextViewerContent,$ESCINFO[ListItem.Duration],Home)</onclick>
						<onclick>ActivateWindow(1132)</onclick>
						<visible>!String.IsEmpty(ListItem.Duration)</visible>
					</item>
					<item>
						<label>$INFO[ListItem.Year]</label>
						<label2>$LOCALIZE[345]:</label2>
						<onclick>SetProperty(TextViewerHeader,$LOCALIZE[20416],Home)</onclick>
						<onclick>SetProperty(TextViewerContent,$ESCINFO[ListItem.Year],Home)</onclick>
						<onclick>ActivateWindow(1132)</onclick>
						<visible>!String.IsEmpty(ListItem.Year) + !String.IsEqual(ListItem.DBType,tvshow)</visible>
					</item>
					<item>
						<label>$INFO[ListItem.Premiered]</label>
						<label2>$LOCALIZE[20416]:</label2>
						<onclick>SetProperty(TextViewerHeader,$LOCALIZE[20416],Home)</onclick>
						<onclick>SetProperty(TextViewerContent,$ESCINFO[ListItem.Premiered],Home)</onclick>
						<onclick>ActivateWindow(1132)</onclick>
						<visible>!String.IsEmpty(ListItem.Premiered)</visible>
					</item>
					<item>
						<label>$INFO[ListItem.Studio]</label>
						<label2>$LOCALIZE[572]:</label2>
						<onclick>SetProperty(TextViewerHeader,$LOCALIZE[20416],Home)</onclick>
						<onclick>SetProperty(TextViewerContent,$ESCINFO[ListItem.Studio],Home)</onclick>
						<onclick>ActivateWindow(1132)</onclick>
						<visible>!String.IsEmpty(ListItem.Studio)</visible>
					</item>
					<item>
						<label>$INFO[ListItem.MPAA]</label>
						<label2>$LOCALIZE[20074]:</label2>
						<onclick>SetProperty(TextViewerHeader,$LOCALIZE[20416],Home)</onclick>
						<onclick>SetProperty(TextViewerContent,$ESCINFO[ListItem.MPAA],Home)</onclick>
						<onclick>ActivateWindow(1132)</onclick>
						<visible>!String.IsEmpty(ListItem.MPAA)</visible>
					</item>
					<item>
						<label>$INFO[ListItem.Country]</label>
						<label2>$LOCALIZE[574]:</label2>
						<onclick>SetProperty(TextViewerHeader,$LOCALIZE[574],Home)</onclick>
						<onclick>SetProperty(TextViewerContent,$ESCINFO[ListItem.Country],Home)</onclick>
						<onclick>ActivateWindow(1132)</onclick>
						<visible>!String.IsEmpty(ListItem.Country)</visible>
					</item>
					<item>
						<label>$INFO[Window(Home).Property(NextAired.Country)]</label>
						<label2>$LOCALIZE[574]:</label2>
						<onclick>SetProperty(TextViewerHeader,$LOCALIZE[574],Home)</onclick>
						<onclick>SetProperty(TextViewerContent,$ESCINFO[ListItem.Property(NextAired.Country)],Home)</onclick>
						<onclick>ActivateWindow(1132)</onclick>
						<visible>String.IsEqual(ListItem.DBType,tvshow) + !String.IsEmpty(Window(Home).Property(NextAired.Country))</visible>
					</item>
					<item>
						<label>$INFO[ListItem.DateAdded]</label>
						<label2>$LOCALIZE[570]:</label2>
						<onclick>SetProperty(TextViewerHeader,$LOCALIZE[570],Home)</onclick>
						<onclick>SetProperty(TextViewerContent,$ESCINFO[ListItem.DateAdded],Home)</onclick>
						<onclick>ActivateWindow(1132)</onclick>
						<visible>!String.IsEmpty(ListItem.DateAdded)</visible>
					</item>
					<item>
						<label>$INFO[ListItem.Path]</label>
						<label2>$LOCALIZE[573]:</label2>
						<onclick>Dialog.Close(all,true)</onclick>
						<onclick>ActivateWindow(Videos,$INFO[ListItem.Path],return)</onclick>
					</item>
					<item>
						<label>$INFO[ListItem.Filename]</label>
						<label2>$LOCALIZE[21800]:</label2>
						<onclick>SetProperty(TextViewerHeader,$LOCALIZE[21800],Home)</onclick>
						<onclick>SetProperty(TextViewerContent,$ESCINFO[ListItem.Filename],Home)</onclick>
						<onclick>ActivateWindow(1132)</onclick>
						<visible>!String.IsEmpty(ListItem.Filename)</visible>
					</item>
					<item>
						<label>$INFO[ListItem.PlayCount]</label>
						<label2>$LOCALIZE[567]:</label2>
						<onclick>SetProperty(TextViewerHeader,$LOCALIZE[567],Home)</onclick>
						<onclick>SetProperty(TextViewerContent,$ESCINFO[ListItem.PlayCount],Home)</onclick>
						<onclick>ActivateWindow(1132)</onclick>
						<visible>!String.IsEmpty(ListItem.PlayCount)</visible>
					</item>
					<item>
						<label>$INFO[ListItem.PercentPlayed,,%]</label>
						<label2 fallback="-">$LOCALIZE[575]:</label2>
						<onclick>SetProperty(TextViewerHeader,$LOCALIZE[575],Home)</onclick>
						<onclick>SetProperty(TextViewerContent,$ESCINFO[ListItem.PercentPlayed,,%],Home)</onclick>
						<onclick>ActivateWindow(1132)</onclick>
						<visible>ListItem.IsResumable</visible>
					</item>
					<item>
						<label>$INFO[ListItem.LastPlayed]</label>
						<label2 fallback="-">$LOCALIZE[568]:</label2>
						<onclick>SetProperty(TextViewerHeader,$LOCALIZE[568],Home)</onclick>
						<onclick>SetProperty(TextViewerContent,$ESCINFO[ListItem.LastPlayed],Home)</onclick>
						<onclick>ActivateWindow(1132)</onclick>
						<visible>!String.IsEmpty(ListItem.LastPlayed)</visible>
					</item>
					<item>
						<label>$INFO[ListItem.Tag]</label>
						<label2 fallback="-">$LOCALIZE[20459]:</label2>
						<onclick>Dialog.Close(movieinformation)</onclick>
						<onclick>ActivateWindow(Videos,videodb://movies/tags,/return)</onclick>
						<visible>!String.IsEmpty(ListItem.Tag)</visible>
					</item>
					<item>
						<label>$INFO[ListItem.Set]</label>
						<label2 fallback="-">$LOCALIZE[20457]:</label2>
						<onclick>Dialog.Close(movieinformation)</onclick>
						<onclick>ActivateWindow(Videos,videodb://movies/sets/$INFO[ListItem.SetID],return)</onclick>
						<visible>!String.IsEmpty(ListItem.Set)</visible>
					</item>
					<item>
						<label>$INFO[ListItem.Property(AudioLanguage.1)]$INFO[ListItem.Property(AudioCodec.1), / ]$INFO[ListItem.Property(AudioChannels.1), / , [LOWERCASE]$LOCALIZE[21444][/LOWERCASE]]</label>
						<label2>$LOCALIZE[460] 1:</label2>
						<onclick>noop</onclick>
						<visible>!String.IsEmpty(ListItem.Property(AudioLanguage.1))</visible>
					</item>
					<item>
						<label>$INFO[ListItem.Property(AudioLanguage.2)]$INFO[ListItem.Property(AudioCodec.2), / ]$INFO[ListItem.Property(AudioChannels.2), / , [LOWERCASE]$LOCALIZE[21444][/LOWERCASE]]</label>
						<label2>$LOCALIZE[460] 2:</label2>
						<onclick>noop</onclick>
						<visible>!String.IsEmpty(ListItem.Property(AudioLanguage.2))</visible>
					</item>
					<item>
						<label>$INFO[ListItem.Property(AudioLanguage.3)]$INFO[ListItem.Property(AudioCodec.3), / ]$INFO[ListItem.Property(AudioChannels.3), / , [LOWERCASE]$LOCALIZE[21444][/LOWERCASE]]</label>
						<label2>$LOCALIZE[460] 3:</label2>
						<onclick>noop</onclick>
						<visible>!String.IsEmpty(ListItem.Property(AudioLanguage.3))</visible>
					</item>
					<item>
						<label>$INFO[ListItem.Property(AudioLanguage.4)]$INFO[ListItem.Property(AudioCodec.4), / ]$INFO[ListItem.Property(AudioChannels.4), / , [LOWERCASE]$LOCALIZE[21444][/LOWERCASE]]</label>
						<label2>$LOCALIZE[460] 4:</label2>
						<onclick>noop</onclick>
						<visible>!String.IsEmpty(ListItem.Property(AudioLanguage.4))</visible>
					</item>
					<item>
						<label>$INFO[ListItem.Property(AudioLanguage.5)]$INFO[ListItem.Property(AudioCodec.5), / ]$INFO[ListItem.Property(AudioChannels.5), / , [LOWERCASE]$LOCALIZE[21444][/LOWERCASE]]</label>
						<label2>$LOCALIZE[460] 5:</label2>
						<onclick>noop</onclick>
						<visible>!String.IsEmpty(ListItem.Property(AudioLanguage.5))</visible>
					</item>
					<item>
						<label>$INFO[ListItem.Property(AudioLanguage.6)]$INFO[ListItem.Property(AudioCodec.6), / ]$INFO[ListItem.Property(AudioChannels.6), / , [LOWERCASE]$LOCALIZE[21444][/LOWERCASE]]</label>
						<label2>$LOCALIZE[460] 6:</label2>
						<onclick>noop</onclick>
						<visible>!String.IsEmpty(ListItem.Property(AudioLanguage.6))</visible>
					</item>
					<item>
						<label>$INFO[ListItem.Property(AudioLanguage.7)]$INFO[ListItem.Property(AudioCodec.7), / ]$INFO[ListItem.Property(AudioChannels.7), / , [LOWERCASE]$LOCALIZE[21444][/LOWERCASE]]</label>
						<label2>$LOCALIZE[460] 7:</label2>
						<onclick>noop</onclick>
						<visible>!String.IsEmpty(ListItem.Property(AudioLanguage.7))</visible>
					</item>
					<item>
						<label>$INFO[ListItem.Property(SubtitleLanguage.1)]</label>
						<label2>$LOCALIZE[21448] 1:</label2>
						<onclick>noop</onclick>
						<visible>!String.IsEmpty(ListItem.Property(SubtitleLanguage.1))</visible>
					</item>
					<item>
						<label>$INFO[ListItem.Property(SubtitleLanguage.2)]</label>
						<label2>$LOCALIZE[21448] 2:</label2>
						<onclick>noop</onclick>
						<visible>!String.IsEmpty(ListItem.Property(SubtitleLanguage.2))</visible>
					</item>
					<item>
						<label>$INFO[ListItem.Property(SubtitleLanguage.3)]</label>
						<label2>$LOCALIZE[21448] 3:</label2>
						<onclick>noop</onclick>
						<visible>!String.IsEmpty(ListItem.Property(SubtitleLanguage.3))</visible>
					</item>
					<item>
						<label>$INFO[ListItem.Property(SubtitleLanguage.4)]</label>
						<label2>$LOCALIZE[21448] 4:</label2>
						<onclick>noop</onclick>
						<visible>!String.IsEmpty(ListItem.Property(SubtitleLanguage.4))</visible>
					</item>
					<item>
						<label>$INFO[ListItem.Property(SubtitleLanguage.5)]</label>
						<label2>$LOCALIZE[21448] 5:</label2>
						<onclick>noop</onclick>
						<visible>!String.IsEmpty(ListItem.Property(SubtitleLanguage.5))</visible>
					</item>
					<item>
						<label>$INFO[ListItem.Property(SubtitleLanguage.6)]</label>
						<label2>$LOCALIZE[21448] 6:</label2>
						<onclick>noop</onclick>
						<visible>!String.IsEmpty(ListItem.Property(SubtitleLanguage.6))</visible>
					</item>
					<item>
						<label>$INFO[ListItem.Property(SubtitleLanguage.7)]</label>
						<label2>$LOCALIZE[21448] 7:</label2>
						<onclick>noop</onclick>
						<visible>!String.IsEmpty(ListItem.Property(SubtitleLanguage.7))</visible>
					</item>
					<item>
						<label>$INFO[ListItem.Property(SubtitleLanguage.8)]</label>
						<label2>$LOCALIZE[21448] 8:</label2>
						<onclick>noop</onclick>
						<visible>!String.IsEmpty(ListItem.Property(SubtitleLanguage.8))</visible>
					</item>
					<item>
						<label>$INFO[ListItem.Property(SubtitleLanguage.9)]</label>
						<label2>$LOCALIZE[21448] 9:</label2>
						<onclick>noop</onclick>
						<visible>!String.IsEmpty(ListItem.Property(SubtitleLanguage.9))</visible>
					</item>
					<item>
						<label>$INFO[ListItem.Property(SubtitleLanguage.10)]</label>
						<label2>$LOCALIZE[21448] 10:</label2>
						<onclick>noop</onclick>
						<visible>!String.IsEmpty(ListItem.Property(SubtitleLanguage.10))</visible>
					</item>
					<item>
						<label>$INFO[ListItem.Property(SubtitleLanguage.11)]</label>
						<label2>$LOCALIZE[21448] 11:</label2>
						<onclick>noop</onclick>
						<visible>!String.IsEmpty(ListItem.Property(SubtitleLanguage.11))</visible>
					</item>
					<item>
						<label>$INFO[ListItem.Property(SubtitleLanguage.12)]</label>
						<label2>$LOCALIZE[21448] 12:</label2>
						<onclick>noop</onclick>
						<visible>!String.IsEmpty(ListItem.Property(SubtitleLanguage.12))</visible>
					</item>
					<item>
						<label>$INFO[ListItem.Property(SubtitleLanguage.13)]</label>
						<label2>$LOCALIZE[21448] 13:</label2>
						<onclick>noop</onclick>
						<visible>!String.IsEmpty(ListItem.Property(SubtitleLanguage.13))</visible>
					</item>
					<item>
						<label>$INFO[ListItem.Property(SubtitleLanguage.14)]</label>
						<label2>$LOCALIZE[21448] 14:</label2>
						<onclick>noop</onclick>
						<visible>!String.IsEmpty(ListItem.Property(SubtitleLanguage.14))</visible>
					</item>
					<item>
						<label>$INFO[ListItem.Property(SubtitleLanguage.15)]</label>
						<label2>$LOCALIZE[21448] 15:</label2>
						<onclick>noop</onclick>
						<visible>!String.IsEmpty(ListItem.Property(SubtitleLanguage.15))</visible>
					</item>
					<item>
						<label>$INFO[ListItem.Property(SubtitleLanguage.16)]</label>
						<label2>$LOCALIZE[21448] 16:</label2>
						<onclick>noop</onclick>
						<visible>!String.IsEmpty(ListItem.Property(SubtitleLanguage.16))</visible>
					</item>
					<item>
						<label>$INFO[ListItem.Property(SubtitleLanguage.17)]</label>
						<label2>$LOCALIZE[21448] 17:</label2>
						<onclick>noop</onclick>
						<visible>!String.IsEmpty(ListItem.Property(SubtitleLanguage.17))</visible>
					</item>
					<item>
						<label>$INFO[ListItem.Property(SubtitleLanguage.18)]</label>
						<label2>$LOCALIZE[21448] 18:</label2>
						<onclick>noop</onclick>
						<visible>!String.IsEmpty(ListItem.Property(SubtitleLanguage.18))</visible>
					</item>
					<item>
						<label>$INFO[ListItem.Property(SubtitleLanguage.19)]</label>
						<label2>$LOCALIZE[21448] 19:</label2>
						<onclick>noop</onclick>
						<visible>!String.IsEmpty(ListItem.Property(SubtitleLanguage.19))</visible>
					</item>
					<item>
						<label>$INFO[ListItem.Property(SubtitleLanguage.20)]</label>
						<label2>$LOCALIZE[21448] 20:</label2>
						<onclick>noop</onclick>
						<visible>!String.IsEmpty(ListItem.Property(SubtitleLanguage.20))</visible>
					</item>
				</content>
			</control>
			<control type="scrollbar" id="60">
				<left>1092</left>
				<top>88</top>
				<height>600</height>
				<width>14</width>
				<onleft>9002</onleft>
				<onright>9002</onright>
				<ondown>60</ondown>
				<onup>60</onup>
				<showonepage>false</showonepage>
				<texturesliderbackground />
				<texturesliderbar colordiffuse="55ffffff" border="4">scrollbar/texturesliderbar3.png</texturesliderbar>
				<texturesliderbarfocus border="4">scrollbar/texturesliderbar3.png</texturesliderbarfocus>
				<animation effect="slide" start="0" end="157" time="0" tween="quadratic" condition="Control.IsVisible(3) + !Control.IsVisible(5)">Conditional</animation>
			</control>
		</control>
	</controls>
</window>
