<?xml version="1.0" encoding="UTF-8" standalone="yes"?>
<addon id="repo.funkd" name="Funkd's Repository" version="1.0.1" provider-name="Funkd">
	<extension point="xbmc.addon.repository" name="Funkd's Repository">
		<info compressed="false">https://raw.githubusercontent.com/Funkd/repo.funkd/master/addons.xml</info>
		<checksum>https://raw.githubusercontent.com/Funkd/repo.funkd/master/addons.xml.md5</checksum>
		<datadir zip="true">https://raw.githubusercontent.com/Funkd/repo.funkd/master/releases</datadir>
	</extension>
	<extension point="xbmc.addon.metadata">
		<summary>Funkd's Repository</summary>
		<description>Repo for ScopeNox skin and other tools.</description>
		<assets>
			<icon>icon.png</icon>
			<fanart>fanart.jpg</fanart>
		</assets>
		<platform>all</platform>
	</extension>
</addon>
