<?xml version="1.0" encoding="UTF-8" standalone="yes"?>
<addons>
<addon id="repo.funkd" name="Funkd's Repository" version="1.0.1" provider-name="Funkd">
	<extension point="xbmc.addon.repository" name="Funkd's Repository">
		<info compressed="false">https://raw.githubusercontent.com/Funkd/repo.funkd/master/addons.xml</info>
		<checksum>https://raw.githubusercontent.com/Funkd/repo.funkd/master/addons.xml.md5</checksum>
		<datadir zip="true">https://raw.githubusercontent.com/Funkd/repo.funkd/master/releases</datadir>
	</extension>
	<extension point="xbmc.addon.metadata">
		<summary>Funkd's Repository</summary>
		<description>Repo for ScopeNox skin and other tools.</description>
		<assets>
			<icon>icon.png</icon>
			<fanart>fanart.jpg</fanart>
		</assets>
		<platform>all</platform>
	</extension>
</addon>
<addon id="skin.scope.nox" version="1.23" name="Scope Nox - Krypton" provider-name="Funkd" aeonnox-version="6.0.1">
	<requires>
		<import addon="xbmc.gui" version="5.14.0"/>
		<import addon="script.grab.fanart" version="0.12.8"/>
		<import addon="script.skinshortcuts" version="0.4.5"/>
		<import addon="service.library.data.provider" version="0.0.7"/>
		<import addon="resource.images.studios.white" version="0.0.1"/>
		<import addon="resource.images.recordlabels.white" version="0.0.1"/>
	</requires>
	<extension point="xbmc.gui.skin" debugging="false" effectslowdown="0.75">
		<res width="1920" height="1080" aspect="16:9" default="true" folder="scopeformat" />
	</extension>
	<extension point="xbmc.addon.metadata">
		<summary lang="en">Scope Nox : Mod by Funkd, Aeon Nox formatted to suit Zoomed CIH projector setups.</summary>
		<description lang="en">ScopeNox: Aeon Nox in a format suitable for people using projectors and zooming for CIH. (GUI within 800-820 pixels)</description>
		<platform>all</platform>
		<assets>
			<icon>resources/icon.png</icon>
			<fanart>resources/fanart.jpg</fanart>
		</assets>
	</extension>
</addon>
</addons>
