<?xml version="1.0" encoding="UTF-8"?>
<addon id="skin.scope.nox.krypton" version="1.23" name="Scope Nox - Krypton" provider-name="Funkd">
	<requires>
		<import addon="xbmc.gui" version="5.14.0"/>
		<import addon="script.grab.fanart" version="0.12.8"/>
		<import addon="script.skinshortcuts" version="0.4.5"/>
		<import addon="service.library.data.provider" version="0.0.7"/>
		<import addon="resource.images.studios.white" version="0.0.1"/>
		<import addon="resource.images.recordlabels.white" version="0.0.1"/>
	</requires>
	<extension point="xbmc.gui.skin" debugging="false" effectslowdown="0.75">
		<res width="1920" height="1080" aspect="16:9" default="true" folder="scopeformat" />
	</extension>
	<extension point="xbmc.addon.metadata">
		<summary lang="de">Scope Nox</summary>
		<summary lang="el">Scope Nox</summary>
		<summary lang="en">Scope Nox : Mod by Funkd, Aeon Nox formatted to suit Zoomed CIH projector setups.</summary>
		<summary lang="en_AU">Scope Nox</summary>
		<summary lang="en_NZ">Scope Nox</summary>
		<summary lang="en_US">Scope Nox</summary>
		<summary lang="es">Scope Nox</summary>
		<summary lang="fi">Scope Nox</summary>
		<summary lang="fr">Scope Nox</summary>
		<summary lang="fr_CA">Scope Nox</summary>
		<summary lang="gl">Scope Nox</summary>
		<summary lang="he">Scope Nox</summary>
		<summary lang="hu">Scope Nox</summary>
		<summary lang="is">Scope Nox</summary>
		<summary lang="it">Scope Nox</summary>
		<summary lang="ko">Scope Nox</summary>
		<summary lang="lt">Scope Nox</summary>
		<summary lang="ms">Scope Nox</summary>
		<summary lang="nl">Scope Nox</summary>
		<summary lang="no">Scope Nox</summary>
		<summary lang="pl">Scope Nox</summary>
		<summary lang="pt">Scope Nox</summary>
		<summary lang="pt_BR">Scope Nox</summary>
		<summary lang="ru">Scope Nox</summary>
		<summary lang="sk">Scope Nox</summary>
		<summary lang="sv">Scope Nox</summary>
		<summary lang="th">Scope Nox</summary>
		<summary lang="vi">Scope Nox</summary>
		<summary lang="zh">Scope Nox</summary>
		<description lang="en">ScopeNox: Aeon Nox in a format suitable for people using projectors and zooming for CIH. (GUI within 800-820 pixels)</description>
		<description lang="en_AU">ScopeNox: Aeon Nox in a format suitable for people using projectors and zooming for CIH. (GUI within 800-820 pixels)</description>
		<description lang="en_NZ">ScopeNox: Aeon Nox in a format suitable for people using projectors and zooming for CIH. (GUI within 800-820 pixels)</description>
		<description lang="en_US">ScopeNox: Aeon Nox in a format suitable for people using projectors and zooming for CIH. (GUI within 800-820 pixels)</description>
		<platform>all</platform>
		<assets>
			<icon>resources/icon.png</icon>
			<fanart>resources/fanart.jpg</fanart>
			<screenshot>resources/screenshot-01.jpg</screenshot>
			<screenshot>resources/screenshot-02.jpg</screenshot>
			<screenshot>resources/screenshot-03.jpg</screenshot>
			<screenshot>resources/screenshot-04.jpg</screenshot>
			<screenshot>resources/screenshot-05.jpg</screenshot>
			<screenshot>resources/screenshot-06.jpg</screenshot>
			<screenshot>resources/screenshot-07.jpg</screenshot>
			<screenshot>resources/screenshot-08.jpg</screenshot>
			<screenshot>resources/screenshot-09.jpg</screenshot>
		</assets>
	</extension>
</addon>
